decil,region,comuna,poblacion(miles),idse,economía_ingreso_per_capita(miles)2006-11,economía_pobreza(%)2006-11,educación_escolaridad(años)2006-11,vivienda_material_bueno(%)2006,vivienda_alcantarillado(%)2006,evn_e_idh_esperanza_de_vida(años)2005-2010,evn_e_idh_índice_desarrollo_humano,avpp_tasa(*1000h)2007-2011,swaroop(%defunc_50+_años)2011,mortalidad_infantil(*1000_nv)2009-2011
10,13,vitacura,79.6,0.992,1143.1,2.0,15.0,98.0,100.0,82.0,0.991,45.6,88.6,6.6
10,13,las condes,288.1,0.970,953.0,1.7,14.7,97.9,99.6,82.2,0.972,39.6,87.4,5.1
10,13,providencia,126.6,0.968,966.7,1.3,14.6,95.8,100.0,80.0,0.931,57.7,89.7,8.0
10,13,ñuñoa,145.1,0.892,569.3,4.1,13.7,95.7,100.0,79.4,0.841,64.4,88.5,6.7
10,13,santiago,164.0,0.833,487.5,6.9,13.1,87.1,98.5,76.0,0.733,108.3,79.0,6.3
10,13,la reina,95.5,0.831,530.5,5.8,12.6,86.5,100.0,80.0,0.808,53.2,86.3,5.0
10,13,lo barnechea,109.6,0.809,587.9,7.7,11.6,93.5,99.7,80.9,0.793,32.1,74.0,5.1
10,13,san miguel,71.0,0.783,339.0,6.9,12.3,88.6,96.8,75.7,0.679,107.2,78.9,7.7
10,12,cabo de hornos,2.8,0.781,287.7,3.8,11.7,93.6,99.0,70.4,0.559,9.4,75.0,0.0
10,13,la florida,398.4,0.741,261.2,9.5,11.5,90.8,99.4,80.4,0.722,58.8,78.0,7.3
10,13,maipú,548.8,0.741,260.9,8.2,11.6,90.0,96.7,81.0,0.739,51.1,73.1,6.8
9,5,los andes,75.1,0.739,287.9,7.9,11.1,94.4,96.6,78.3,0.677,62.3,79.8,7.5
9,12,punta arenas,125.2,0.733,284.6,6.5,10.6,94.4,98.0,75.8,0.619,91.7,73.7,9.3
9,13,independencia,51.3,0.731,243.0,7.6,11.5,85.5,98.4,71.4,0.544,172.3,83.1,12.9
9,12,porvenir,5.6,0.726,398.0,6.4,9.9,94.9,94.8,70.4,0.511,85.3,79.4,0.0
9,13,la cisterna,71.4,0.724,235.0,9.5,11.2,90.2,100.0,77.4,0.645,85.3,83.7,6.9
9,2,calama,148.8,0.717,269.3,8.5,10.9,85.0,98.9,76.2,0.625,87.2,63.4,9.7
9,2,antofagasta,373.0,0.714,256.5,7.1,11.0,80.6,99.0,76.1,0.627,75.1,72.2,7.3
9,5,quilpué,161.0,0.712,210.8,13.0,11.7,90.2,97.4,78.7,0.663,61.8,83.2,3.8
9,3,diego de almagro,11.7,0.700,319.8,7.3,10.6,81.0,91.7,76.1,0.627,83.9,81.7,8.3
9,2,maría elena,3.7,0.698,218.9,6.1,10.9,77.6,98.1,72.0,0.536,74.6,66.7,0.0
9,1,iquique,186.0,0.698,227.6,10.2,11.1,81.8,98.8,77.2,0.631,82.1,73.0,8.9
9,2,mejillones,11.1,0.697,228.8,5.8,10.1,88.6,99.1,74.9,0.571,59.1,65.8,2.1
9,6,rancagua,248.0,0.696,227.4,9.0,10.6,87.2,98.1,76.6,0.609,80.9,72.2,8.1
8,13,quilicura,213.6,0.693,191.5,11.5,11.0,88.8,99.7,78.2,0.633,47.6,61.3,7.1
8,5,concón,59.9,0.689,270.5,14.1,10.7,86.0,99.0,80.2,0.675,35.0,74.9,6.9
8,13,estación central,111.7,0.686,207.3,11.5,10.6,90.6,98.5,76.3,0.587,98.7,77.8,8.6
8,2,sierra gorda,3.7,0.684,259.3,2.9,9.6,78.4,98.4,73.4,0.548,35.4,60.0,20.8
8,13,macul,97.6,0.683,204.1,11.9,11.0,82.8,97.8,79.0,0.652,74.7,82.0,6.5
8,8,chiguayante,123.7,0.682,255.3,14.9,11.5,71.5,98.0,79.2,0.674,46.3,75.1,8.9
8,13,talagante,77.6,0.682,238.4,10.1,10.5,87.4,94.2,78.1,0.633,55.7,73.6,6.0
8,5,viña del mar,290.8,0.680,236.8,16.5,11.3,82.6,97.5,77.8,0.626,76.5,82.3,7.1
8,13,quinta normal,87.0,0.677,198.5,9.9,10.5,84.4,98.3,76.0,0.583,101.6,81.0,7.1
8,13,cerrillos,66.2,0.677,209.0,9.5,10.3,86.3,97.3,77.4,0.609,84.5,76.0,5.8
8,13,puente alto,735.4,0.676,175.0,13.0,10.9,90.0,98.2,79.2,0.636,46.7,69.3,7.0
7,8,concepción,229.2,0.675,242.2,16.8,11.4,81.0,94.7,77.5,0.625,73.6,75.1,10.5
7,2,taltal,10.6,0.675,322.7,6.5,9.8,73.9,95.8,73.4,0.552,85.0,80.9,7.6
7,11,chile chico,5.3,0.675,325.1,5.3,9.4,94.6,82.9,70.0,0.478,98.3,70.0,6.4
7,3,copiapó,163.9,0.671,219.4,14.5,10.7,85.9,97.6,77.7,0.609,69.0,72.6,10.2
7,8,san pedro de la paz,97.6,0.671,303.6,16.8,11.1,78.0,92.8,77.3,0.626,73.5,74.3,7.0
7,4,la serena,214.7,0.669,194.3,14.5,10.6,90.7,97.9,78.7,0.619,62.8,77.7,7.9
7,13,calera de tango,27.0,0.669,246.0,6.2,9.6,85.2,93.7,78.2,0.626,64.1,70.8,9.1
7,13,peñalolén,248.4,0.668,237.0,11.1,10.3,82.5,96.7,77.9,0.619,66.4,72.8,7.4
7,13,peñaflor,86.3,0.668,214.5,9.6,10.5,81.8,94.1,77.2,0.611,60.0,74.9,7.1
7,5,villa alemana,131.9,0.668,187.9,15.7,11.3,84.3,95.9,78.9,0.636,55.7,84.4,9.1
7,13,pudahuel,268.6,0.667,184.8,11.4,10.4,88.2,98.0,78.4,0.616,54.2,70.9,5.3
6,5,santo domingo,9.1,0.666,235.4,4.6,9.7,92.3,84.1,74.5,0.560,59.6,73.3,5.1
6,2,tocopilla,21.3,0.664,209.4,11.1,10.3,81.9,98.4,72.7,0.509,115.3,75.3,11.1
6,11,coihaique,58.6,0.664,269.3,12.0,10.0,84.5,95.2,77.4,0.603,74.8,71.4,8.7
6,13,colina,113.4,0.663,182.9,10.8,10.3,87.3,96.9,77.7,0.600,63.8,64.1,8.1
6,13,conchalí,107.2,0.662,187.0,10.1,10.2,86.2,97.5,76.1,0.568,107.5,78.2,6.2
6,13,pedro aguirre cerda,92.7,0.657,171.7,10.5,10.0,88.7,99.7,76.8,0.568,96.1,77.8,6.1
6,12,natales,21.2,0.657,228.3,10.4,9.2,96.3,95.9,75.6,0.541,88.0,80.8,9.1
6,4,coquimbo,215.1,0.657,183.1,13.0,10.4,87.4,97.0,79.0,0.620,59.2,76.3,7.8
6,9,temuco,309.1,0.657,219.7,17.0,10.8,82.5,96.5,77.5,0.600,65.4,77.2,8.4
6,5,valparaíso,271.0,0.655,207.5,17.5,11.0,81.0,96.8,75.8,0.567,95.2,79.2,8.7
6,13,huechuraba,85.8,0.655,219.4,14.7,10.2,87.8,97.0,77.3,0.584,78.9,71.1,8.3
6,6,san fernando,73.2,0.653,192.5,11.8,10.1,90.6,93.4,77.4,0.587,76.4,79.3,9.0
6,5,algarrobo,13.0,0.652,193.7,5.8,10.1,84.8,85.9,77.7,0.619,54.1,79.7,2.4
6,14,valdivia,161.7,0.652,202.7,17.1,10.6,88.7,95.3,76.8,0.573,78.9,75.5,6.9
6,13,pirque,23.6,0.652,187.6,8.3,10.0,87.8,90.3,78.0,0.609,46.9,81.7,11.2
6,13,lo prado,91.7,0.648,170.1,12.4,10.3,90.0,92.9,76.8,0.572,94.7,77.8,7.2
5,13,san josé de maipo,14.4,0.648,256.2,10.6,10.2,83.0,84.6,76.7,0.601,65.4,80.5,8.3
5,5,el quisco,15.2,0.648,188.5,13.1,10.0,89.0,95.9,75.9,0.549,46.6,90.5,13.9
5,8,talcahuano,171.6,0.647,183.5,18.1,11.0,83.3,96.9,77.5,0.588,77.4,73.5,7.5
5,15,arica,179.0,0.643,228.7,15.7,10.9,75.1,91.2,77.1,0.601,86.8,75.0,7.5
5,3,caldera,15.2,0.643,220.5,14.3,10.2,76.5,98.8,78.3,0.606,67.9,71.0,9.5
5,5,quillota,88.0,0.640,170.9,14.7,10.4,83.4,98.3,77.3,0.574,73.4,79.4,7.6
5,13,buin,73.7,0.639,195.1,12.1,10.0,83.1,94.5,77.3,0.581,79.0,73.2,12.3
5,7,curicó,141.0,0.639,212.6,15.2,10.0,83.6,97.5,76.9,0.565,72.9,76.2,5.9
5,13,san joaquín,77.3,0.636,178.5,15.8,10.1,90.1,95.2,76.4,0.547,106.1,82.6,8.6
5,8,hualpén,85.1,0.636,219.0,19.5,10.3,83.8,98.5,78.2,0.585,76.8,77.9,6.0
5,13,recoleta,124.7,0.632,167.0,11.6,10.2,74.6,97.9,75.6,0.547,109.7,78.5,8.9
5,8,chillán viejo,30.8,0.629,168.4,17.3,10.3,90.6,93.5,77.5,0.564,57.7,66.7,8.5
5,3,huasco,8.0,0.628,177.1,11.2,10.1,77.6,93.5,75.3,0.542,88.9,72.4,9.0
5,5,el tabo,11.4,0.627,161.2,10.3,9.5,93.4,90.0,81.2,0.639,45.1,88.7,0.0
5,8,chillán,177.6,0.625,159.7,17.8,10.3,88.4,95.7,76.4,0.539,81.6,75.1,4.8
5,5,zapallar,7.2,0.624,164.2,6.5,9.4,80.4,92.8,79.6,0.621,47.1,93.1,4.4
5,7,talca,246.3,0.624,188.0,17.8,10.4,83.9,93.1,77.7,0.576,67.8,74.2,9.0
5,11,cisnes,6.2,0.622,229.0,7.5,8.3,90.6,92.0,73.6,0.484,76.6,68.3,8.2
5,13,curacaví,29.8,0.621,167.5,11.3,9.6,89.6,90.3,78.3,0.581,61.3,80.4,4.2
5,10,puerto montt,242.8,0.619,214.2,12.7,9.7,86.6,85.9,76.1,0.551,76.9,66.9,9.2
4,10,puerto varas,40.7,0.619,223.5,9.8,9.1,86.0,87.6,76.9,0.563,75.8,68.5,4.3
4,5,san felipe,77.5,0.615,168.3,15.8,9.8,87.9,93.5,77.5,0.555,76.1,77.4,8.4
4,5,la cruz,16.0,0.615,180.4,13.2,10.1,80.0,88.4,77.7,0.583,58.2,78.8,13.4
4,5,quintero,25.8,0.613,156.5,16.0,9.8,84.4,97.8,77.2,0.544,71.5,81.3,8.9
4,11,aisen,26.8,0.613,216.2,11.5,9.1,82.2,92.0,74.4,0.504,112.3,50.0,10.9
4,10,llanquihue,18.4,0.612,231.7,13.6,9.1,85.1,91.2,73.8,0.488,88.5,72.0,9.7
4,13,el bosque,168.3,0.611,161.0,13.6,9.7,78.8,97.1,77.1,0.550,87.3,73.1,9.4
4,13,padre hurtado,49.9,0.609,155.1,13.4,9.8,80.4,94.9,78.1,0.570,64.5,71.5,10.6
4,5,san esteban,17.5,0.609,181.2,11.0,9.3,83.2,90.8,76.1,0.535,46.5,90.8,7.8
4,5,panquehue,7.5,0.609,229.1,10.6,9.1,80.9,86.9,75.9,0.543,72.0,88.5,13.6
4,6,machalí,35.4,0.608,224.9,17.6,10.1,70.7,93.7,77.5,0.577,67.6,77.9,4.4
4,6,rengo,60.9,0.606,170.8,10.3,9.6,78.5,88.8,77.2,0.567,72.9,71.7,7.1
4,13,san bernardo,311.0,0.605,154.7,18.4,9.9,83.3,99.1,76.7,0.525,69.7,72.7,9.0
4,10,osorno,164.4,0.605,183.7,19.2,10.0,83.2,94.2,75.2,0.507,93.0,73.2,8.8
4,1,pica,18.6,0.604,188.1,12.2,9.6,71.0,94.0,77.5,0.572,23.0,45.8,9.8
4,10,castro,53.1,0.603,200.5,12.9,9.3,88.6,84.5,76.5,0.542,77.8,72.2,9.2
4,13,lo espejo,99.1,0.602,151.3,19.5,9.9,87.1,97.6,75.4,0.494,99.9,75.4,8.8
4,10,cochamó,4.3,0.602,218.3,5.2,8.5,88.9,79.1,79.6,0.614,73.8,66.7,8.5
4,2,san pedro de atacama,9.3,0.602,289.1,5.8,9.1,65.8,80.8,72.6,0.509,53.4,47.6,7.0
4,5,casablanca,29.9,0.601,163.4,15.0,9.8,81.1,92.8,78.7,0.579,52.8,75.8,9.2
4,13,renca,130.8,0.596,152.2,19.6,10.0,83.1,96.3,76.4,0.516,86.4,69.7,6.8
4,6,requínoa,26.0,0.595,140.5,9.3,8.9,88.8,90.5,77.4,0.538,68.9,71.6,4.6
4,3,vallenar,46.5,0.595,194.2,14.7,9.8,69.0,92.1,76.7,0.554,89.8,78.4,9.7
4,11,cochrane,2.8,0.595,283.5,11.7,8.8,81.9,81.0,69.5,0.415,85.1,66.7,6.9
4,13,isla de maipo,31.8,0.593,150.1,11.0,9.3,84.1,88.2,76.9,0.540,71.2,76.0,8.2
4,10,ancud,42.1,0.593,194.9,10.8,9.4,88.5,75.4,76.2,0.546,85.9,77.0,7.6
4,13,la granja,123.4,0.592,149.8,17.8,9.9,80.9,94.0,76.7,0.528,83.8,77.2,8.1
3,1,pozo almonte,17.3,0.591,176.0,9.8,9.7,73.1,83.5,77.3,0.574,44.3,66.7,7.1
3,13,paine,65.4,0.590,165.1,11.2,9.4,81.5,85.0,78.4,0.578,58.2,72.7,6.9
3,3,chañaral,12.7,0.590,210.0,14.3,9.7,59.5,97.1,75.3,0.526,92.4,83.3,12.4
3,5,rinconada,8.0,0.589,213.3,10.9,9.1,80.0,82.2,78.7,0.591,66.0,81.6,8.8
3,13,melipilla,107.2,0.589,166.7,11.2,9.7,75.8,84.3,76.9,0.558,81.3,74.4,7.4
3,6,coltauco,17.5,0.587,191.7,11.4,9.2,84.0,79.9,76.4,0.541,82.3,78.4,8.9
3,6,graneros,30.7,0.586,159.4,13.2,9.4,75.0,93.6,75.5,0.507,74.7,74.2,8.6
3,5,papudo,5.6,0.586,154.7,14.4,9.5,77.1,93.0,75.3,0.503,50.2,85.3,0.0
3,5,puchuncaví,16.3,0.585,165.6,15.9,10.0,79.5,84.0,75.0,0.510,75.1,78.8,10.7
3,6,la estrella,4.8,0.585,152.3,9.7,9.0,83.8,85.9,76.7,0.533,37.9,96.0,0.0
3,4,paiguano,4.5,0.584,142.4,7.0,8.8,86.5,83.3,77.4,0.547,53.8,75.9,5.1
3,10,dalcahue,15.4,0.583,165.8,6.9,8.1,93.8,82.9,78.4,0.555,60.3,74.1,6.4
3,13,el monte,31.3,0.583,172.7,16.0,9.8,77.8,86.9,77.7,0.559,61.8,79.4,7.1
3,5,nogales,26.1,0.582,155.6,18.5,9.2,89.9,92.3,77.3,0.517,56.6,82.3,5.5
3,8,los ángeles,201.5,0.580,177.1,19.0,9.8,81.9,86.7,77.0,0.535,76.5,75.4,9.9
3,13,tiltil,16.4,0.579,163.8,9.9,9.3,76.8,82.5,76.3,0.539,72.5,66.7,12.3
3,1,alto hospicio,93.8,0.577,166.3,20.9,10.1,65.9,98.4,78.1,0.555,46.7,56.2,4.9
3,10,frutillar,18.2,0.576,187.3,13.4,8.5,82.8,91.3,75.4,0.488,84.0,73.7,9.2
3,4,illapel,31.4,0.575,164.7,11.3,9.2,85.4,78.1,78.4,0.570,72.1,80.2,9.7
3,5,calera,54.9,0.575,141.1,20.9,9.6,84.0,96.2,77.2,0.509,76.4,79.4,6.4
3,13,san ramón,84.0,0.575,157.0,19.1,9.6,79.1,93.3,76.3,0.506,98.1,78.3,6.8
3,6,santa cruz,36.7,0.574,168.3,12.0,9.3,80.5,80.9,77.7,0.558,68.3,75.1,4.8
3,6,mostazal,26.7,0.574,171.5,12.4,9.1,77.8,86.1,77.4,0.545,67.7,77.0,10.0
3,5,limache,45.4,0.573,148.2,20.4,9.8,79.5,93.5,77.0,0.518,76.6,82.2,9.0
3,9,pucón,32.1,0.572,191.0,17.0,9.3,80.6,86.0,78.7,0.566,52.8,71.9,7.4
3,5,llaillay,23.6,0.570,136.0,13.0,9.4,75.2,89.6,78.2,0.554,72.9,78.9,9.6
3,4,vicuña,26.6,0.568,162.7,17.2,9.3,79.0,90.1,79.3,0.567,60.7,77.2,4.0
3,5,san antonio,99.1,0.568,138.3,21.1,9.9,78.8,93.3,76.8,0.509,82.2,75.1,7.1
3,10,fresia,12.3,0.567,194.9,10.0,8.4,84.9,79.2,73.1,0.457,116.1,77.5,7.5
3,6,doñihue,20.2,0.567,155.6,14.5,9.2,80.4,85.7,77.7,0.540,63.3,79.4,7.2
3,5,cabildo,21.0,0.567,165.4,13.4,8.9,71.4,93.2,78.3,0.552,66.8,66.4,6.8
3,6,codegua,12.6,0.567,149.5,12.2,9.2,82.7,81.1,76.9,0.531,62.1,75.9,7.0
3,6,coinco,7.2,0.562,159.2,10.5,9.0,79.9,78.8,77.2,0.542,76.5,86.0,4.0
3,13,cerro navia,133.9,0.562,141.3,16.8,9.1,77.2,95.7,75.8,0.482,97.2,75.0,7.8
3,10,hualaihué,8.4,0.562,149.9,8.1,8.8,87.8,72.9,78.2,0.560,78.4,76.0,0.0
3,13,la pintana,202.6,0.561,135.8,20.1,8.9,90.2,94.4,77.2,0.490,79.4,63.4,6.6
3,5,calle larga,11.1,0.559,174.0,9.6,9.1,79.7,71.5,78.8,0.588,71.0,82.0,11.3
3,5,santa maría,14.6,0.559,142.6,13.9,9.4,77.7,83.9,78.5,0.557,56.0,72.6,11.0
3,4,andacollo,8.5,0.557,170.8,20.7,9.0,85.3,88.8,75.3,0.467,96.3,82.9,10.7
3,6,olivar,14.0,0.555,168.2,11.3,9.0,76.1,79.3,76.5,0.527,75.7,74.1,15.2
3,5,olmué,16.1,0.555,153.7,13.5,9.2,73.4,84.4,78.2,0.553,63.2,86.3,7.2
3,10,quellón,33.1,0.555,214.4,14.7,8.5,85.1,77.4,76.8,0.521,66.2,57.1,8.9
2,8,penco,53.6,0.552,123.8,24.8,9.8,82.3,94.7,77.1,0.491,69.2,73.0,8.9
2,6,marchihue,7.8,0.550,144.4,7.9,8.5,87.8,73.1,78.4,0.553,58.9,81.5,0.0
2,13,lampa,64.8,0.550,140.2,18.2,9.1,84.4,87.2,77.3,0.505,65.9,67.9,3.8
2,14,los lagos,21.7,0.549,149.8,15.7,8.4,91.8,84.5,76.7,0.486,72.5,77.3,7.1
2,3,tierra amarilla,13.9,0.548,194.4,12.9,8.9,71.8,78.4,76.9,0.537,70.3,69.8,5.3
2,10,puerto octay,9.2,0.548,205.5,11.9,8.3,84.3,73.7,76.1,0.509,92.1,75.0,9.0
2,5,petorca,9.8,0.547,134.6,15.6,8.8,78.5,91.4,75.5,0.468,80.7,72.6,7.7
2,8,coronel,109.6,0.547,135.7,22.9,10.1,70.3,92.0,76.9,0.508,71.4,74.0,8.4
2,3,freirina,5.9,0.546,170.3,10.4,9.1,70.0,75.5,75.6,0.518,77.1,92.9,7.1
2,13,alhué,4.6,0.546,175.1,9.2,8.6,78.8,72.4,75.7,0.511,69.1,84.2,0.0
2,6,san vicente,47.2,0.544,144.5,10.4,9.1,70.8,78.8,77.7,0.549,69.7,73.9,7.7
2,5,putaendo,17.2,0.543,173.4,15.3,9.0,75.9,79.8,74.5,0.475,75.1,81.8,8.3
2,6,malloa,13.8,0.543,139.2,9.8,8.6,80.8,77.7,76.6,0.511,67.2,79.0,8.7
2,13,maría pinto,11.8,0.542,140.3,9.3,8.4,82.7,78.0,76.6,0.507,69.0,75.3,8.7
2,5,cartagena,24.9,0.542,163.3,23.2,9.2,83.8,86.2,78.7,0.528,50.9,78.5,5.6
2,9,angol,51.2,0.539,159.2,26.7,9.5,80.9,90.6,76.3,0.472,82.8,77.0,9.0
2,5,la ligua,38.1,0.537,132.9,20.6,9.2,81.1,88.6,78.6,0.521,62.3,78.5,4.4
2,10,curaco de vélez,4.0,0.536,158.1,7.0,8.3,89.4,62.9,76.5,0.520,52.6,86.2,0.0
2,5,catemu,13.3,0.535,142.4,10.1,8.9,65.2,82.5,77.5,0.538,65.9,86.4,8.2
2,11,río ibáñez,2.1,0.535,195.0,7.8,7.4,74.9,82.8,73.2,0.434,98.7,85.0,0.0
2,7,molina,42.6,0.535,144.8,17.8,8.9,81.8,83.3,74.7,0.453,100.5,74.4,8.9
2,6,pichilemu,14.9,0.535,150.5,17.9,9.0,84.2,79.5,77.6,0.514,67.0,75.4,2.1
2,6,quinta de tilcoco,12.1,0.534,137.6,8.0,8.8,74.1,73.5,75.8,0.509,80.7,83.5,8.6
2,14,máfil,7.0,0.534,158.6,16.5,8.7,88.7,75.2,71.9,0.401,99.8,79.3,7.9
2,6,nancagua,17.3,0.533,140.5,12.8,8.5,83.2,79.2,76.3,0.488,76.0,72.4,7.7
2,8,laja,20.5,0.532,170.0,19.8,9.5,79.3,73.5,75.9,0.499,92.6,81.8,10.5
2,6,peralillo,10.5,0.532,119.7,17.9,8.5,90.0,87.5,76.9,0.469,71.3,80.3,3.1
2,5,hijuelas,18.9,0.530,146.2,12.6,8.4,83.7,76.9,77.2,0.507,63.8,83.5,12.4
2,10,purranque,20.6,0.527,151.2,20.8,8.4,88.0,86.2,74.5,0.425,101.0,79.3,6.2
2,8,bulnes,21.6,0.527,128.8,20.8,8.9,88.0,83.0,74.8,0.436,93.2,77.4,7.4
2,10,los muermos,16.3,0.525,200.4,13.2,8.2,82.7,70.0,74.1,0.459,89.1,72.2,8.6
2,4,salamanca,25.7,0.524,154.6,16.2,8.9,78.7,76.1,78.4,0.535,70.9,75.7,6.0
2,6,peumo,15.4,0.524,143.4,8.6,8.7,72.3,71.9,76.3,0.514,73.7,72.8,10.1
2,14,paillaco,19.9,0.523,139.1,19.3,8.6,92.4,78.4,75.1,0.442,100.7,80.1,10.2
2,10,puyehue,11.3,0.521,165.9,10.3,8.2,72.6,76.2,75.2,0.479,86.6,78.5,4.5
2,9,villarrica,58.3,0.521,151.9,19.7,9.2,75.1,79.6,77.4,0.511,65.8,79.9,8.3
2,8,arauco,42.4,0.520,133.7,20.3,9.4,70.5,85.4,77.6,0.510,70.5,73.6,8.8
2,4,ovalle,112.1,0.519,134.1,23.7,9.4,75.2,87.2,78.5,0.514,69.2,77.5,5.4
2,7,romeral,14.5,0.519,145.4,11.0,8.1,71.0,82.8,77.8,0.516,63.3,73.9,3.7
2,10,quinchao,9.0,0.515,181.1,9.9,8.5,86.2,54.6,74.2,0.478,113.1,80.3,9.4
2,7,linares,91.1,0.514,145.5,23.8,9.2,74.6,85.9,76.6,0.476,87.3,77.2,8.7
2,14,lanco,16.6,0.513,137.3,20.5,8.7,91.3,75.3,74.9,0.436,90.7,72.5,5.4
2,6,chimbarongo,34.6,0.511,124.7,18.2,8.4,83.1,83.1,77.2,0.476,73.1,74.4,7.3
2,14,río bueno,31.3,0.510,146.1,21.2,8.1,94.9,79.3,75.4,0.428,96.5,76.4,6.1
2,8,san carlos,51.4,0.510,146.2,21.4,8.9,76.5,82.3,75.9,0.462,92.9,77.2,9.2
2,7,parral,37.7,0.509,140.4,23.4,8.9,77.1,86.4,75.0,0.433,107.4,79.5,10.1
2,4,los vilos,18.9,0.509,145.0,19.0,9.3,66.6,79.4,77.1,0.507,91.5,71.5,10.2
2,7,pelluhue,7.8,0.508,130.6,23.0,7.9,83.4,96.3,79.1,0.482,55.2,70.8,4.2
2,8,quillón,15.5,0.506,169.6,20.6,8.8,78.3,74.5,74.9,0.453,108.9,77.2,7.6
2,10,río negro,13.1,0.506,172.7,14.0,8.3,78.4,68.7,74.5,0.457,96.8,78.7,7.6
2,3,alto del carmen,4.8,0.503,173.4,4.5,8.3,59.9,63.0,74.7,0.501,68.4,88.2,9.6
2,8,tomé,56.2,0.503,131.0,25.7,9.8,72.8,80.6,76.8,0.482,78.0,79.6,3.9
2,8,yungay,18.5,0.501,127.1,21.3,9.2,83.8,72.3,75.8,0.461,88.3,77.5,9.1
2,7,constitución,54.4,0.500,174.0,19.0,9.2,72.0,66.7,76.0,0.496,86.7,65.1,12.3
2,6,las cabras,23.6,0.500,143.8,8.0,8.1,79.0,63.3,78.0,0.531,73.0,74.1,8.7
2,7,licantén,7.6,0.500,146.6,19.4,8.6,77.0,77.8,73.1,0.405,81.9,80.0,7.9
2,10,chonchi,15.0,0.499,165.4,8.5,8.0,87.7,53.2,75.1,0.481,86.6,68.8,5.4
2,14,la unión,38.8,0.499,156.5,19.6,8.9,77.4,70.7,75.9,0.475,91.9,78.6,7.4
2,8,ránquil,4.8,0.496,125.3,13.8,8.3,78.6,73.5,72.2,0.391,128.6,82.8,5.1
2,8,antuco,3.7,0.494,130.8,22.1,7.9,86.5,85.9,68.1,0.267,97.3,78.1,0.0
2,10,maullín,13.5,0.494,148.6,13.2,8.0,87.6,63.0,74.3,0.438,130.5,75.6,7.5
2,4,la higuera,3.9,0.493,191.5,17.4,7.4,80.8,77.8,81.3,0.555,82.1,30.0,9.7
2,9,victoria,32.8,0.493,126.9,26.6,8.8,79.5,86.7,75.8,0.428,83.2,78.1,3.8
2,8,nacimiento,26.0,0.492,116.1,25.4,8.8,86.4,81.6,76.0,0.430,85.7,79.2,5.0
2,8,mulchén,28.3,0.490,124.8,23.5,8.4,86.0,80.6,76.4,0.440,89.8,77.2,9.8
1,9,curacautín,15.4,0.490,155.4,29.3,8.6,88.5,80.4,75.7,0.422,90.7,83.5,6.7
1,8,san rosendo,3.5,0.489,114.3,27.9,9.2,79.2,86.1,73.0,0.371,97.6,69.0,0.0
1,14,mariquina,18.4,0.488,152.4,20.2,8.4,87.2,66.5,74.9,0.437,98.2,77.9,13.7
1,9,traiguén,18.0,0.487,125.4,31.3,8.5,89.9,90.6,75.3,0.387,104.3,84.1,7.7
1,10,quemchi,9.2,0.485,161.8,5.7,7.8,86.1,46.5,75.0,0.480,69.4,84.0,3.4
1,9,pitrufquén,24.0,0.485,136.7,22.2,9.1,75.6,72.2,75.5,0.453,93.8,82.3,11.1
1,13,san pedro,8.1,0.484,141.3,5.9,7.8,81.6,54.3,77.6,0.522,69.3,74.0,6.5
1,8,cabrero,30.4,0.483,123.6,24.9,8.6,91.2,74.3,77.3,0.456,69.0,71.3,4.7
1,7,teno,27.8,0.483,141.7,12.7,8.4,73.5,64.1,77.3,0.507,73.3,77.1,8.7
1,7,rauco,9.6,0.480,150.2,15.4,7.7,71.4,76.7,75.6,0.446,79.2,74.0,2.9
1,8,lota,47.5,0.480,115.7,29.8,9.3,68.8,91.3,74.6,0.400,105.3,72.0,8.7
1,6,litueche,5.6,0.476,129.7,16.2,8.1,86.3,64.9,77.5,0.481,82.0,78.4,0.0
1,8,coelemu,15.3,0.476,136.0,23.3,8.3,84.8,74.5,74.4,0.400,117.6,69.9,12.7
1,6,chépica,13.8,0.475,142.8,14.8,8.0,75.5,67.9,76.7,0.477,78.8,79.8,5.7
1,10,calbuco,35.6,0.474,153.3,12.0,7.9,91.5,49.3,77.0,0.495,80.7,73.0,5.4
1,7,pelarco,7.0,0.473,112.9,16.4,7.9,77.3,77.1,73.7,0.390,91.9,77.1,13.7
1,8,santa bárbara,14.8,0.472,155.0,24.5,8.2,85.0,72.2,77.4,0.461,73.8,84.8,7.0
1,7,longaví,28.8,0.471,136.0,11.2,7.8,70.8,68.1,76.0,0.466,90.0,78.2,9.5
1,6,placilla,8.5,0.471,117.0,12.5,8.3,71.2,66.6,76.9,0.486,65.7,81.3,0.0
1,8,santa juana,13.4,0.470,123.2,22.8,8.5,79.7,74.7,74.0,0.395,98.1,69.1,8.8
1,7,san javier,40.7,0.470,116.8,21.7,8.5,77.5,76.5,75.6,0.426,92.1,78.8,7.2
1,6,palmilla,11.7,0.468,110.9,10.4,7.9,80.2,61.5,77.4,0.488,70.6,76.9,2.5
1,14,futrono,15.8,0.467,129.9,20.8,8.3,79.6,70.7,75.9,0.438,73.8,69.9,0.0
1,8,quirihue,11.9,0.467,137.0,27.1,8.8,78.5,74.2,74.0,0.395,111.8,71.7,4.9
1,7,maule,21.5,0.467,126.0,17.7,7.9,67.8,80.3,76.7,0.454,84.5,72.9,4.0
1,10,san pablo,8.9,0.466,160.7,15.7,7.9,68.2,68.6,73.6,0.416,115.5,74.1,5.1
1,6,pichidegua,19.2,0.466,127.3,12.4,7.7,73.4,69.5,77.3,0.479,76.6,81.0,6.1
1,8,negrete,8.9,0.465,121.1,27.5,8.3,81.6,82.7,73.6,0.361,88.2,73.0,0.0
1,6,navidad,5.5,0.464,162.9,11.2,8.0,80.8,48.6,75.1,0.467,108.6,86.7,0.0
1,7,villa alegre,14.6,0.463,117.8,15.8,7.9,63.4,80.5,76.0,0.442,92.8,81.4,7.3
1,7,pencahue,9.1,0.462,139.7,9.2,7.6,62.8,67.5,75.5,0.460,85.7,74.3,14.7
1,9,loncoche,21.8,0.461,160.5,26.0,8.6,69.6,75.7,75.5,0.432,96.5,81.0,10.4
1,8,yumbel,20.5,0.461,120.2,24.2,8.4,79.9,76.2,75.2,0.407,109.0,76.7,8.8
1,10,puqueldón,4.1,0.461,116.8,6.0,7.7,81.7,51.3,71.7,0.389,73.0,78.8,0.0
1,7,cauquenes,42.9,0.461,130.9,26.5,8.6,67.1,83.5,75.9,0.426,100.4,78.7,4.1
1,7,san rafael,8.4,0.460,133.6,18.9,7.8,72.6,75.9,74.6,0.407,71.8,81.0,9.6
1,4,monte patria,32.1,0.460,115.8,14.9,8.1,65.9,72.9,79.3,0.517,61.6,76.0,2.2
1,9,nueva imperial,32.4,0.459,161.1,26.3,9.2,68.6,66.6,75.8,0.457,95.8,77.7,4.9
1,7,yerbas buenas,17.1,0.458,126.9,12.7,7.6,73.8,67.4,76.9,0.467,76.7,75.8,4.4
1,8,florida,9.8,0.456,136.4,20.1,7.9,80.2,67.9,73.5,0.385,103.8,80.7,18.8
1,8,curanilahue,30.4,0.454,116.3,28.9,9.0,61.3,87.9,75.6,0.414,98.2,72.5,7.5
1,8,pinto,11.1,0.449,188.2,22.6,8.1,81.8,56.1,72.9,0.390,102.2,80.9,14.2
1,8,tucapel,13.5,0.448,120.8,21.2,8.4,74.3,68.0,75.3,0.423,86.3,81.4,4.2
1,7,sagrada familia,18.6,0.447,123.1,13.7,7.7,67.8,68.8,76.4,0.453,84.3,74.0,12.5
1,14,corral,5.0,0.444,115.0,19.2,7.9,87.2,60.8,76.4,0.435,66.1,70.0,10.2
1,7,río claro,13.0,0.443,120.7,10.4,7.4,70.2,63.1,76.6,0.460,75.9,69.9,8.5
1,9,renaico,9.0,0.442,117.1,30.2,8.6,65.2,87.2,72.3,0.330,102.6,81.7,9.7
1,10,queilén,5.3,0.441,129.5,11.8,7.3,83.3,53.9,74.8,0.421,80.9,72.5,6.2
1,7,colbún,18.6,0.437,137.9,18.0,7.7,67.1,68.8,76.4,0.445,81.4,87.6,5.4
1,8,ñiquén,9.8,0.436,112.0,15.1,7.4,76.2,65.6,75.9,0.425,86.3,81.1,0.0
1,8,hualqui,22.6,0.435,105.3,27.2,8.8,64.9,78.1,75.6,0.409,87.9,68.6,7.3
1,9,gorbea,15.5,0.434,127.1,30.5,8.7,78.4,69.6,75.9,0.411,69.5,83.1,0.0
1,9,padre las casas,74.7,0.432,114.0,24.0,8.8,72.1,63.3,77.2,0.458,69.8,76.7,9.5
1,6,pumanque,3.1,0.429,120.6,9.8,7.5,72.3,53.0,72.7,0.389,87.3,82.5,31.6
1,9,vilcún,23.9,0.426,123.0,20.0,8.5,76.1,52.0,75.7,0.442,90.0,78.4,8.4
1,14,panguipulli,35.1,0.424,126.5,23.5,7.7,81.2,64.7,75.9,0.406,93.8,73.8,9.2
1,4,río hurtado,4.4,0.420,110.0,13.8,7.2,59.0,73.5,78.7,0.477,79.2,86.1,13.7
1,9,melipeuco,5.4,0.418,123.9,24.3,8.0,73.4,65.5,74.8,0.390,77.1,78.0,4.7
1,14,lago ranco,9.5,0.418,134.9,21.3,7.9,86.3,49.0,73.2,0.372,111.9,73.1,6.0
1,7,chanco,9.6,0.416,108.4,22.0,7.4,73.7,72.4,72.5,0.328,101.2,78.9,12.0
1,6,lolol,6.6,0.416,124.2,17.2,7.7,75.6,54.6,77.5,0.462,75.6,82.3,13.6
1,7,retiro,17.4,0.415,111.9,22.4,7.7,72.8,68.9,78.2,0.447,78.6,72.9,10.2
1,7,vichuquén,5.0,0.414,141.4,14.3,7.5,60.7,57.8,78.0,0.487,59.3,83.3,7.9
1,8,quilaco,3.7,0.414,114.4,26.9,7.9,83.2,65.3,74.3,0.361,84.4,81.8,9.2
1,8,quilleco,10.4,0.413,110.6,26.9,7.8,79.4,69.9,77.8,0.425,66.1,84.9,2.9
1,9,cunco,19.0,0.411,114.9,23.9,7.6,86.5,58.8,76.4,0.408,85.5,82.5,10.8
1,9,collipulli,21.4,0.410,127.1,33.4,8.0,70.9,80.5,74.8,0.354,99.7,76.7,7.1
1,8,pemuco,9.1,0.409,111.4,24.6,8.1,68.1,67.2,74.6,0.382,95.0,76.2,0.0
1,9,purén,11.5,0.408,128.5,28.7,8.0,83.0,60.6,74.6,0.371,105.3,75.8,14.5
1,7,san clemente,39.1,0.407,121.6,16.0,7.7,54.1,65.6,77.0,0.456,77.4,74.2,7.4
1,8,lebu,25.8,0.407,105.1,35.9,8.5,58.6,90.9,75.2,0.357,89.0,77.0,6.1
1,8,treguaco,4.9,0.407,113.8,23.9,7.4,80.2,65.2,72.8,0.328,110.1,82.9,7.1
1,8,cañete,33.9,0.405,107.4,27.2,8.3,65.9,71.4,75.9,0.398,92.8,67.8,5.0
1,9,lautaro,35.9,0.405,125.1,26.9,8.6,65.8,61.4,75.2,0.408,89.6,77.7,9.7
1,7,hualañé,10.3,0.400,111.9,26.6,7.7,68.2,72.5,74.4,0.358,89.4,81.3,10.5
1,8,coihueco,24.8,0.400,111.5,29.0,7.9,77.5,67.7,76.5,0.395,70.0,73.7,4.8
1,9,perquenco,7.0,0.398,126.1,26.4,7.8,71.6,63.5,73.6,0.353,96.7,74.5,14.4
1,4,canela,8.5,0.397,118.3,16.9,7.1,64.4,63.0,77.7,0.447,88.7,83.6,6.4
1,8,san fabián,3.5,0.394,111.2,27.2,7.3,74.1,72.0,75.1,0.357,82.3,77.4,8.5
1,8,contulmo,5.0,0.386,94.2,25.9,7.9,65.9,69.6,73.4,0.334,107.0,87.2,9.5
1,6,paredones,6.8,0.385,120.4,14.1,6.9,73.9,47.6,76.2,0.422,72.3,84.8,10.9
1,9,curarrehue,7.7,0.384,114.8,21.3,7.3,80.5,51.3,74.9,0.377,81.2,68.8,13.7
1,1,huara,3.4,0.382,161.4,10.0,7.6,49.0,38.9,81.8,0.592,55.8,44.4,8.9
1,8,portezuelo,4.9,0.382,120.4,25.5,7.2,80.4,58.9,70.7,0.276,179.0,75.0,25.2
1,8,cobquecura,5.1,0.378,110.1,21.1,7.2,81.3,50.0,75.3,0.381,102.3,81.3,6.0
1,8,san nicolás,10.1,0.376,99.0,25.6,7.4,79.0,60.3,75.4,0.362,86.7,69.1,9.1
1,8,san ignacio,15.6,0.374,105.4,28.9,7.6,69.3,68.0,73.6,0.324,104.2,77.1,6.7
1,8,los álamos,21.1,0.374,105.0,36.9,8.3,67.1,74.7,73.0,0.301,102.3,67.3,8.4
1,4,punitaqui,10.4,0.369,131.9,20.8,7.7,59.3,49.7,72.7,0.358,64.8,84.0,8.8
1,7,curepto,9.5,0.368,125.1,19.0,7.6,62.1,47.8,77.0,0.441,74.7,83.6,0.0
1,8,el carmen,11.6,0.367,131.2,28.3,7.7,70.8,55.0,73.9,0.348,128.7,74.1,13.5
1,4,combarbalá,12.2,0.366,120.6,20.5,7.5,52.4,58.2,76.8,0.429,83.6,78.1,16.1
1,9,toltén,10.2,0.365,110.8,26.2,8.1,71.9,47.7,74.6,0.373,88.6,69.6,10.6
1,9,los sauces,6.2,0.363,116.3,34.0,7.4,74.4,68.1,74.5,0.322,109.7,80.6,7.1
1,9,lonquimay,11.5,0.359,110.8,30.7,7.5,86.7,50.9,75.2,0.348,79.1,69.1,17.1
1,9,teodoro schmidt,16.7,0.354,137.6,26.2,7.5,64.6,51.0,75.6,0.388,91.3,75.2,7.0
1,8,tirúa,11.1,0.350,89.2,31.8,7.9,66.9,64.6,74.3,0.324,99.1,68.1,11.8
1,9,carahue,25.5,0.342,105.0,30.5,8.1,72.5,46.0,74.5,0.353,104.6,78.0,11.6
1,7,empedrado,4.0,0.339,104.3,29.7,7.4,59.6,63.7,76.1,0.364,90.5,68.4,13.5
1,9,freire,27.9,0.324,100.8,28.5,7.7,62.1,49.3,76.5,0.386,85.8,76.6,10.3
1,9,lumaco,10.2,0.314,115.7,33.4,7.2,82.4,42.1,73.9,0.304,101.2,76.5,5.0
1,8,ninhue,5.2,0.312,96.9,26.6,6.9,78.7,40.5,70.3,0.240,114.9,91.5,0.0
1,9,cholchol,10.9,0.311,103.0,28.7,7.5,62.8,45.4,75.8,0.366,89.5,78.1,6.5
1,9,galvarino,10.9,0.300,116.3,28.5,6.9,78.5,33.3,74.6,0.330,112.4,74.5,8.0
1,10,san juan de la costa,7.8,0.281,119.9,15.3,6.4,56.7,23.6,74.1,0.359,125.6,72.7,11.3
1,9,ercilla,9.1,0.275,93.2,39.5,7.2,70.8,49.7,72.4,0.239,103.7,72.0,8.6
1,9,saavedra,13.3,0.265,103.1,35.0,7.6,67.6,31.9,73.6,0.296,129.4,75.8,22.9
1,8,alto bío-bío,10.7,0.235,103.1,32.2,6.7,63.6,27.9,74.4,0.299,65.3,62.1,11.4
